1.520000000000000000e+03,-3.019932569999999825e-11
1.520099999999999909e+03,7.038859080000000275e-11
1.520200000000000045e+03,-1.008317469999999962e-11
1.520299999999999955e+03,-2.013766409999999999e-11
1.520400000000000091e+03,-1.008317469999999962e-11
1.520500000000000000e+03,2.009463429999999842e-11
1.520599999999999909e+03,6.033410579999999847e-11
1.520700000000000045e+03,8.045025059999999997e-11
1.520799999999999955e+03,8.045025059999999997e-11
1.520900000000000091e+03,2.718400969999999855e-08
1.521000000000000000e+03,-2.013766409999999999e-11
1.521099999999999909e+03,-2.151459790000000016e-14
1.521200000000000045e+03,-2.013766409999999999e-11
1.521299999999999955e+03,-3.019932569999999825e-11
1.521400000000000091e+03,-4.025381420000000132e-11
1.521500000000000000e+03,-1.008317469999999962e-11
1.521599999999999909e+03,3.015629409999999887e-11
1.521700000000000045e+03,-2.151459790000000016e-14
1.521799999999999955e+03,4.021078260000000194e-11
1.521900000000000091e+03,3.015629409999999887e-11
1.522000000000000000e+03,1.004014580000000019e-11
1.522099999999999909e+03,-1.008317469999999962e-11
1.522200000000000045e+03,3.015629409999999887e-11
1.522299999999999955e+03,-2.013766409999999999e-11
1.522400000000000091e+03,1.004014580000000019e-11
1.522500000000000000e+03,-1.008317469999999962e-11
1.522599999999999909e+03,-4.025381420000000132e-11
1.522700000000000045e+03,-1.008317469999999962e-11
1.522799999999999955e+03,-5.031547399999999854e-11
1.522900000000000091e+03,7.038859080000000275e-11
1.523000000000000000e+03,2.009463429999999842e-11
1.523099999999999909e+03,-2.013766409999999999e-11
1.523200000000000045e+03,-1.008317469999999962e-11
1.523299999999999955e+03,-2.013766409999999999e-11
1.523400000000000091e+03,-4.025381420000000132e-11
1.523500000000000000e+03,6.033410579999999847e-11
1.523599999999999909e+03,1.004014580000000019e-11
1.523700000000000045e+03,-2.013766409999999999e-11
1.523799999999999955e+03,-5.031547399999999854e-11
1.523900000000000091e+03,-4.025381420000000132e-11
1.524000000000000000e+03,1.004014580000000019e-11
1.524099999999999909e+03,-2.013766409999999999e-11
1.524200000000000045e+03,1.004014580000000019e-11
1.524299999999999955e+03,-1.008317469999999962e-11
1.524400000000000091e+03,5.027244250000000246e-11
1.524500000000000000e+03,-1.008317469999999962e-11
1.524599999999999909e+03,-5.031547399999999854e-11
1.524700000000000045e+03,-2.151459790000000016e-14
1.524799999999999955e+03,7.038859080000000275e-11
1.524900000000000091e+03,-2.151459790000000016e-14
1.525000000000000000e+03,2.009463429999999842e-11
1.525099999999999909e+03,-2.013766409999999999e-11
1.525200000000000045e+03,-2.151459790000000016e-14
1.525299999999999955e+03,-4.025381420000000132e-11
1.525400000000000091e+03,-2.013766409999999999e-11
1.525500000000000000e+03,-1.008317469999999962e-11
1.525599999999999909e+03,5.027244250000000246e-11
1.525700000000000045e+03,-8.049328559999999485e-11
1.525799999999999955e+03,1.004014580000000019e-11
1.525900000000000091e+03,7.038859080000000275e-11
1.526000000000000000e+03,-2.151459790000000016e-14
1.526099999999999909e+03,1.005664019999999988e-10
1.526200000000000045e+03,-2.151459790000000016e-14
1.526299999999999955e+03,-2.013766409999999999e-11
1.526400000000000091e+03,-1.008317469999999962e-11
1.526500000000000000e+03,-2.013766409999999999e-11
1.526599999999999909e+03,1.004014580000000019e-11
1.526700000000000045e+03,1.004014580000000019e-11
1.526799999999999955e+03,-2.013766409999999999e-11
1.526900000000000091e+03,-2.151459790000000016e-14
1.527000000000000000e+03,-2.151459790000000016e-14
1.527099999999999909e+03,1.004014580000000019e-11
1.527200000000000045e+03,-3.019932569999999825e-11
1.527299999999999955e+03,-2.013766409999999999e-11
1.527400000000000091e+03,-2.151459790000000016e-14
1.527500000000000000e+03,-3.019932569999999825e-11
1.527599999999999909e+03,-2.013766409999999999e-11
1.527700000000000045e+03,-2.151459790000000016e-14
1.527799999999999955e+03,-3.019932569999999825e-11
1.527900000000000091e+03,2.009463429999999842e-11
1.528000000000000000e+03,-6.037713379999999577e-11
1.528099999999999909e+03,-1.008317469999999962e-11
1.528200000000000045e+03,-3.019932569999999825e-11
1.528299999999999955e+03,-2.151459790000000016e-14
1.528400000000000091e+03,8.045025059999999997e-11
1.528500000000000000e+03,8.045025059999999997e-11
1.528599999999999909e+03,-6.037713379999999577e-11
1.528700000000000045e+03,-4.025381420000000132e-11
1.528799999999999955e+03,1.004014580000000019e-11
1.528900000000000091e+03,1.004014580000000019e-11
1.529000000000000000e+03,-1.008317469999999962e-11
1.529099999999999909e+03,-2.013766409999999999e-11
1.529200000000000045e+03,-3.019932569999999825e-11
1.529299999999999955e+03,2.009463429999999842e-11
1.529400000000000091e+03,8.045025059999999997e-11
1.529500000000000000e+03,-1.008317469999999962e-11
1.529599999999999909e+03,4.021078260000000194e-11
1.529700000000000045e+03,-2.151459790000000016e-14
1.529799999999999955e+03,2.009463429999999842e-11
1.529900000000000091e+03,-1.008317469999999962e-11
1.530000000000000000e+03,-1.008317469999999962e-11
1.530099999999999909e+03,-2.013766409999999999e-11
1.530200000000000045e+03,-3.019932569999999825e-11
1.530299999999999955e+03,-2.151459790000000016e-14
1.530400000000000091e+03,-3.019932569999999825e-11
1.530500000000000000e+03,3.015629409999999887e-11
1.530599999999999909e+03,-1.008317469999999962e-11
1.530700000000000045e+03,-3.019932569999999825e-11
1.530799999999999955e+03,-2.151459790000000016e-14
1.530900000000000091e+03,-2.151459790000000016e-14
1.531000000000000000e+03,5.027244250000000246e-11
1.531099999999999909e+03,-2.013766409999999999e-11
1.531200000000000045e+03,-2.013766409999999999e-11
1.531299999999999955e+03,2.009463429999999842e-11
1.531400000000000091e+03,5.027244250000000246e-11
1.531500000000000000e+03,-1.008317469999999962e-11
1.531599999999999909e+03,-1.008317469999999962e-11
1.531700000000000045e+03,1.004014580000000019e-11
1.531799999999999955e+03,3.015629409999999887e-11
1.531900000000000091e+03,-2.013766409999999999e-11
1.532000000000000000e+03,-1.008317469999999962e-11
1.532099999999999909e+03,6.033410579999999847e-11
1.532200000000000045e+03,6.033410579999999847e-11
1.532299999999999955e+03,-1.008317469999999962e-11
1.532400000000000091e+03,-2.151459790000000016e-14
1.532500000000000000e+03,-3.019932569999999825e-11
1.532599999999999909e+03,4.021078260000000194e-11
1.532700000000000045e+03,3.015629409999999887e-11
1.532799999999999955e+03,-1.008317469999999962e-11
1.532900000000000091e+03,-7.043162579999999763e-11
1.533000000000000000e+03,1.004014580000000019e-11
1.533099999999999909e+03,-1.008317469999999962e-11
1.533200000000000045e+03,-3.019932569999999825e-11
1.533299999999999955e+03,-2.151459790000000016e-14
1.533400000000000091e+03,-4.025381420000000132e-11
1.533500000000000000e+03,4.021078260000000194e-11
1.533599999999999909e+03,3.015629409999999887e-11
1.533700000000000045e+03,9.051191049999999402e-11
1.533799999999999955e+03,6.033410579999999847e-11
1.533900000000000091e+03,-2.013766409999999999e-11
1.534000000000000000e+03,-1.008317469999999962e-11
1.534099999999999909e+03,-3.019932569999999825e-11
1.534200000000000045e+03,-1.008317469999999962e-11
1.534299999999999955e+03,-2.151459790000000016e-14
1.534400000000000091e+03,1.004014580000000019e-11
1.534500000000000000e+03,-3.019932569999999825e-11
1.534599999999999909e+03,-2.013766409999999999e-11
1.534700000000000045e+03,5.027244250000000246e-11
1.534799999999999955e+03,7.038859080000000275e-11
1.534900000000000091e+03,1.004014580000000019e-11
1.535000000000000000e+03,-2.151459790000000016e-14
1.535099999999999909e+03,3.015629409999999887e-11
1.535200000000000045e+03,1.004014580000000019e-11
1.535299999999999955e+03,3.015629409999999887e-11
1.535400000000000091e+03,-2.013766409999999999e-11
1.535500000000000000e+03,-1.008317469999999962e-11
1.535599999999999909e+03,2.009463429999999842e-11
1.535700000000000045e+03,1.004014580000000019e-11
1.535799999999999955e+03,-3.019932569999999825e-11
1.535900000000000091e+03,7.038859080000000275e-11
1.536000000000000000e+03,4.021078260000000194e-11
1.536099999999999909e+03,4.021078260000000194e-11
1.536200000000000045e+03,-2.013766409999999999e-11
1.536299999999999955e+03,1.005664019999999988e-10
1.536400000000000091e+03,-2.151459790000000016e-14
1.536500000000000000e+03,-5.031547399999999854e-11
1.536599999999999909e+03,-1.008317469999999962e-11
1.536700000000000045e+03,-1.008317469999999962e-11
1.536799999999999955e+03,-1.008317469999999962e-11
1.536900000000000091e+03,-5.031547399999999854e-11
1.537000000000000000e+03,-1.008317469999999962e-11
1.537099999999999909e+03,-5.031547399999999854e-11
1.537200000000000045e+03,6.033410579999999847e-11
1.537299999999999955e+03,1.004014580000000019e-11
1.537400000000000091e+03,1.004014580000000019e-11
1.537500000000000000e+03,3.015629409999999887e-11
1.537599999999999909e+03,7.038859080000000275e-11
1.537700000000000045e+03,-2.151459790000000016e-14
1.537799999999999955e+03,2.009463429999999842e-11
1.537900000000000091e+03,3.015629409999999887e-11
1.538000000000000000e+03,5.027244250000000246e-11
1.538099999999999909e+03,2.009463429999999842e-11
1.538200000000000045e+03,-2.013766409999999999e-11
1.538299999999999955e+03,-3.019932569999999825e-11
1.538400000000000091e+03,1.004014580000000019e-11
1.538500000000000000e+03,1.004014580000000019e-11
1.538599999999999909e+03,-1.008317469999999962e-11
1.538700000000000045e+03,-2.151459790000000016e-14
1.538799999999999955e+03,-2.013766409999999999e-11
1.538900000000000091e+03,-2.013766409999999999e-11
1.539000000000000000e+03,1.005664019999999988e-10
1.539099999999999909e+03,5.027244250000000246e-11
1.539200000000000045e+03,-1.008317469999999962e-11
1.539299999999999955e+03,-2.151459790000000016e-14
1.539400000000000091e+03,-2.151459790000000016e-14
1.539500000000000000e+03,2.009463429999999842e-11
1.539599999999999909e+03,6.033410579999999847e-11
1.539700000000000045e+03,3.015629409999999887e-11
1.539799999999999955e+03,1.004014580000000019e-11
1.539900000000000091e+03,-1.008317469999999962e-11
1.540000000000000000e+03,4.021078260000000194e-11
1.540099999999999909e+03,3.015629409999999887e-11
1.540200000000000045e+03,2.009463429999999842e-11
1.540299999999999955e+03,2.009463429999999842e-11
1.540400000000000091e+03,-1.008317469999999962e-11
1.540500000000000000e+03,1.004014580000000019e-11
1.540599999999999909e+03,3.015629409999999887e-11
1.540700000000000045e+03,-1.008317469999999962e-11
1.540799999999999955e+03,8.045025059999999997e-11
1.540900000000000091e+03,3.015629409999999887e-11
1.541000000000000000e+03,1.004014580000000019e-11
1.541099999999999909e+03,-1.008317469999999962e-11
1.541200000000000045e+03,-1.008317469999999962e-11
1.541299999999999955e+03,5.027244250000000246e-11
1.541400000000000091e+03,-1.008317469999999962e-11
1.541500000000000000e+03,-2.151459790000000016e-14
1.541599999999999909e+03,-2.013766409999999999e-11
1.541700000000000045e+03,-1.008317469999999962e-11
1.541799999999999955e+03,7.038859080000000275e-11
1.541900000000000091e+03,4.021078260000000194e-11
1.542000000000000000e+03,-1.008317469999999962e-11
1.542099999999999909e+03,2.009463429999999842e-11
1.542200000000000045e+03,1.004014580000000019e-11
1.542299999999999955e+03,4.021078260000000194e-11
1.542400000000000091e+03,-2.013766409999999999e-11
1.542500000000000000e+03,-3.019932569999999825e-11
1.542599999999999909e+03,-5.031547399999999854e-11
1.542700000000000045e+03,-2.013766409999999999e-11
1.542799999999999955e+03,5.027244250000000246e-11
1.542900000000000091e+03,-4.025381420000000132e-11
1.543000000000000000e+03,-2.151459790000000016e-14
1.543099999999999909e+03,-1.008317469999999962e-11
1.543200000000000045e+03,7.038859080000000275e-11
1.543299999999999955e+03,-3.019932569999999825e-11
1.543400000000000091e+03,3.015629409999999887e-11
1.543500000000000000e+03,-1.008317469999999962e-11
1.543599999999999909e+03,-1.008317469999999962e-11
1.543700000000000045e+03,8.045025059999999997e-11
1.543799999999999955e+03,2.009463429999999842e-11
1.543900000000000091e+03,1.004014580000000019e-11
1.544000000000000000e+03,6.033410579999999847e-11
1.544099999999999909e+03,1.106280620000000026e-10
1.544200000000000045e+03,4.021078260000000194e-11
1.544299999999999955e+03,-2.013766409999999999e-11
1.544400000000000091e+03,-2.151459790000000016e-14
1.544500000000000000e+03,-2.013766409999999999e-11
1.544599999999999909e+03,-3.019932569999999825e-11
1.544700000000000045e+03,5.027244250000000246e-11
1.544799999999999955e+03,-2.013766409999999999e-11
1.544900000000000091e+03,-4.025381420000000132e-11
1.545000000000000000e+03,5.027244250000000246e-11
1.545099999999999909e+03,-5.031547399999999854e-11
1.545200000000000045e+03,-3.019932569999999825e-11
1.545299999999999955e+03,-2.151459790000000016e-14
1.545400000000000091e+03,5.027244250000000246e-11
1.545500000000000000e+03,9.051191049999999402e-11
1.545599999999999909e+03,-2.013766409999999999e-11
1.545700000000000045e+03,1.004014580000000019e-11
1.545799999999999955e+03,-3.019932569999999825e-11
1.545900000000000091e+03,6.033410579999999847e-11
1.546000000000000000e+03,2.009463429999999842e-11
1.546099999999999909e+03,-1.008317469999999962e-11
1.546200000000000045e+03,-1.008317469999999962e-11
1.546299999999999955e+03,-4.025381420000000132e-11
1.546400000000000091e+03,4.021078260000000194e-11
1.546500000000000000e+03,-3.019932569999999825e-11
1.546599999999999909e+03,2.009463429999999842e-11
1.546700000000000045e+03,-4.025381420000000132e-11
1.546799999999999955e+03,-1.008317469999999962e-11
1.546900000000000091e+03,5.027244250000000246e-11
1.547000000000000000e+03,2.009463429999999842e-11
1.547099999999999909e+03,-3.019932569999999825e-11
1.547200000000000045e+03,8.045025059999999997e-11
1.547299999999999955e+03,-2.013766409999999999e-11
1.547400000000000091e+03,4.021078260000000194e-11
1.547500000000000000e+03,-2.013766409999999999e-11
1.547599999999999909e+03,2.009463429999999842e-11
1.547700000000000045e+03,-1.008317469999999962e-11
1.547799999999999955e+03,-2.013766409999999999e-11
1.547900000000000091e+03,-5.031547399999999854e-11
1.548000000000000000e+03,-1.008317469999999962e-11
1.548099999999999909e+03,-4.025381420000000132e-11
1.548200000000000045e+03,-4.025381420000000132e-11
1.548299999999999955e+03,1.004014580000000019e-11
1.548400000000000091e+03,6.033410579999999847e-11
1.548500000000000000e+03,-2.151459790000000016e-14
1.548599999999999909e+03,-3.019932569999999825e-11
1.548700000000000045e+03,3.015629409999999887e-11
1.548799999999999955e+03,2.009463429999999842e-11
1.548900000000000091e+03,4.021078260000000194e-11
1.549000000000000000e+03,2.009463429999999842e-11
1.549099999999999909e+03,4.021078260000000194e-11
1.549200000000000045e+03,-1.008317469999999962e-11
1.549299999999999955e+03,-2.013766409999999999e-11
1.549400000000000091e+03,7.038859080000000275e-11
1.549500000000000000e+03,-2.013766409999999999e-11
1.549599999999999909e+03,1.004014580000000019e-11
1.549700000000000045e+03,-2.151459790000000016e-14
1.549799999999999955e+03,-2.013766409999999999e-11
1.549900000000000091e+03,-1.008317469999999962e-11
1.550000000000000000e+03,-4.025381420000000132e-11
1.550099999999999909e+03,-3.019932569999999825e-11
1.550200000000000045e+03,1.004014580000000019e-11
1.550299999999999955e+03,-2.013766409999999999e-11
1.550400000000000091e+03,-2.013766409999999999e-11
1.550500000000000000e+03,-2.151459790000000016e-14
1.550599999999999909e+03,-2.013766409999999999e-11
1.550700000000000045e+03,-2.151459790000000016e-14
1.550799999999999955e+03,4.021078260000000194e-11
1.550900000000000091e+03,2.009463429999999842e-11
1.551000000000000000e+03,-5.031547399999999854e-11
1.551099999999999909e+03,-1.008317469999999962e-11
1.551200000000000045e+03,2.009463429999999842e-11
1.551299999999999955e+03,-2.151459790000000016e-14
1.551400000000000091e+03,6.033410579999999847e-11
1.551500000000000000e+03,8.045025059999999997e-11
1.551599999999999909e+03,6.033410579999999847e-11
1.551700000000000045e+03,6.033410579999999847e-11
1.551799999999999955e+03,-2.013766409999999999e-11
1.551900000000000091e+03,1.004014580000000019e-11
1.552000000000000000e+03,7.038859080000000275e-11
1.552099999999999909e+03,-4.025381420000000132e-11
1.552200000000000045e+03,-3.019932569999999825e-11
1.552299999999999955e+03,-2.013766409999999999e-11
1.552400000000000091e+03,4.021078260000000194e-11
1.552500000000000000e+03,-2.013766409999999999e-11
1.552599999999999909e+03,-2.151459790000000016e-14
1.552700000000000045e+03,-2.013766409999999999e-11
1.552799999999999955e+03,-3.019932569999999825e-11
1.552900000000000091e+03,-1.008317469999999962e-11
1.553000000000000000e+03,4.021078260000000194e-11
1.553099999999999909e+03,1.004014580000000019e-11
1.553200000000000045e+03,6.033410579999999847e-11
1.553299999999999955e+03,-2.151459790000000016e-14
1.553400000000000091e+03,-2.013766409999999999e-11
1.553500000000000000e+03,-2.013766409999999999e-11
1.553599999999999909e+03,5.027244250000000246e-11
1.553700000000000045e+03,-2.151459790000000016e-14
1.553799999999999955e+03,-1.008317469999999962e-11
1.553900000000000091e+03,-2.151459790000000016e-14
1.554000000000000000e+03,-1.008317469999999962e-11
1.554099999999999909e+03,2.009463429999999842e-11
1.554200000000000045e+03,-1.008317469999999962e-11
1.554299999999999955e+03,1.004014580000000019e-11
1.554400000000000091e+03,-4.025381420000000132e-11
1.554500000000000000e+03,-1.008317469999999962e-11
1.554599999999999909e+03,-2.013766409999999999e-11
1.554700000000000045e+03,2.009463429999999842e-11
1.554799999999999955e+03,6.033410579999999847e-11
1.554900000000000091e+03,4.021078260000000194e-11
1.555000000000000000e+03,1.004014580000000019e-11
1.555099999999999909e+03,3.015629409999999887e-11
1.555200000000000045e+03,-2.013766409999999999e-11
1.555299999999999955e+03,2.514482789999999903e-10
1.555400000000000091e+03,6.318006030000000495e-08
1.555500000000000000e+03,9.203404260000000046e-07
1.555599999999999909e+03,1.487284750000000092e-06
1.555700000000000045e+03,1.563803489999999915e-06
1.555799999999999955e+03,1.569341070000000066e-06
1.555900000000000091e+03,1.559776249999999905e-06
1.556000000000000000e+03,1.485673810000000098e-06
1.556099999999999909e+03,1.154024860000000060e-06
1.556200000000000045e+03,2.292542259999999953e-07
1.556299999999999955e+03,2.062059409999999865e-09
1.556400000000000091e+03,3.015629409999999887e-11
1.556500000000000000e+03,1.004014580000000019e-11
1.556599999999999909e+03,6.033410579999999847e-11
1.556700000000000045e+03,3.015629409999999887e-11
1.556799999999999955e+03,-1.008317469999999962e-11
1.556900000000000091e+03,2.009463429999999842e-11
1.557000000000000000e+03,7.038859080000000275e-11
1.557099999999999909e+03,6.033410579999999847e-11
1.557200000000000045e+03,3.015629409999999887e-11
1.557299999999999955e+03,3.015629409999999887e-11
1.557400000000000091e+03,3.015629409999999887e-11
1.557500000000000000e+03,-2.013766409999999999e-11
1.557599999999999909e+03,1.005664019999999988e-10
1.557700000000000045e+03,-3.019932569999999825e-11
1.557799999999999955e+03,-1.008317469999999962e-11
1.557900000000000091e+03,8.045025059999999997e-11
1.558000000000000000e+03,2.009463429999999842e-11
1.558099999999999909e+03,7.038859080000000275e-11
1.558200000000000045e+03,8.045025059999999997e-11
1.558299999999999955e+03,1.004014580000000019e-11
1.558400000000000091e+03,1.005664019999999988e-10
1.558500000000000000e+03,7.038859080000000275e-11
1.558599999999999909e+03,4.021078260000000194e-11
1.558700000000000045e+03,-1.008317469999999962e-11
1.558799999999999955e+03,-3.019932569999999825e-11
1.558900000000000091e+03,2.009463429999999842e-11
1.559000000000000000e+03,-3.019932569999999825e-11
1.559099999999999909e+03,8.045025059999999997e-11
1.559200000000000045e+03,-1.008317469999999962e-11
1.559299999999999955e+03,-2.013766409999999999e-11
1.559400000000000091e+03,4.021078260000000194e-11
1.559500000000000000e+03,-1.008317469999999962e-11
1.559599999999999909e+03,8.045025059999999997e-11
1.559700000000000045e+03,8.045025059999999997e-11
1.559799999999999955e+03,-4.025381420000000132e-11
1.559900000000000091e+03,-1.008317469999999962e-11
1.560000000000000000e+03,2.009463429999999842e-11
1.560099999999999909e+03,-2.013766409999999999e-11
1.560200000000000045e+03,3.015629409999999887e-11
1.560299999999999955e+03,-2.013766409999999999e-11
1.560400000000000091e+03,9.051191049999999402e-11
1.560500000000000000e+03,4.021078260000000194e-11
1.560599999999999909e+03,7.038859080000000275e-11
1.560700000000000045e+03,-3.019932569999999825e-11
1.560799999999999955e+03,-1.008317469999999962e-11
1.560900000000000091e+03,-2.013766409999999999e-11
1.561000000000000000e+03,-2.013766409999999999e-11
1.561099999999999909e+03,-2.151459790000000016e-14
1.561200000000000045e+03,3.015629409999999887e-11
1.561299999999999955e+03,3.015629409999999887e-11
1.561400000000000091e+03,-2.013766409999999999e-11
1.561500000000000000e+03,5.027244250000000246e-11
1.561599999999999909e+03,1.004014580000000019e-11
1.561700000000000045e+03,-2.013766409999999999e-11
1.561799999999999955e+03,-2.151459790000000016e-14
1.561900000000000091e+03,-6.037713379999999577e-11
1.562000000000000000e+03,-2.151459790000000016e-14
1.562099999999999909e+03,-2.151459790000000016e-14
1.562200000000000045e+03,2.009463429999999842e-11
1.562299999999999955e+03,1.004014580000000019e-11
1.562400000000000091e+03,-3.019932569999999825e-11
1.562500000000000000e+03,-2.013766409999999999e-11
1.562599999999999909e+03,1.004014580000000019e-11
1.562700000000000045e+03,-2.013766409999999999e-11
1.562799999999999955e+03,-2.013766409999999999e-11
1.562900000000000091e+03,-1.008317469999999962e-11
1.563000000000000000e+03,-2.013766409999999999e-11
1.563099999999999909e+03,2.009463429999999842e-11
1.563200000000000045e+03,-1.008317469999999962e-11
1.563299999999999955e+03,-5.031547399999999854e-11
1.563400000000000091e+03,-1.008317469999999962e-11
1.563500000000000000e+03,-2.151459790000000016e-14
1.563599999999999909e+03,6.033410579999999847e-11
1.563700000000000045e+03,5.027244250000000246e-11
1.563799999999999955e+03,8.045025059999999997e-11
1.563900000000000091e+03,1.004014580000000019e-11
1.564000000000000000e+03,-1.008317469999999962e-11
1.564099999999999909e+03,-1.008317469999999962e-11
1.564200000000000045e+03,7.038859080000000275e-11
1.564299999999999955e+03,-2.013766409999999999e-11
1.564400000000000091e+03,6.033410579999999847e-11
1.564500000000000000e+03,3.015629409999999887e-11
1.564599999999999909e+03,6.033410579999999847e-11
1.564700000000000045e+03,-1.008317469999999962e-11
1.564799999999999955e+03,-3.019932569999999825e-11
1.564900000000000091e+03,-1.008317469999999962e-11
1.565000000000000000e+03,-3.019932569999999825e-11
1.565099999999999909e+03,-2.013766409999999999e-11
1.565200000000000045e+03,7.038859080000000275e-11
1.565299999999999955e+03,-5.031547399999999854e-11
1.565400000000000091e+03,-2.151459790000000016e-14
1.565500000000000000e+03,-2.013766409999999999e-11
1.565599999999999909e+03,-1.008317469999999962e-11
1.565700000000000045e+03,-2.013766409999999999e-11
1.565799999999999955e+03,-2.013766409999999999e-11
1.565900000000000091e+03,-4.025381420000000132e-11
1.566000000000000000e+03,-1.008317469999999962e-11
1.566099999999999909e+03,-2.151459790000000016e-14
1.566200000000000045e+03,6.033410579999999847e-11
1.566299999999999955e+03,8.045025059999999997e-11
1.566400000000000091e+03,-2.151459790000000016e-14
1.566500000000000000e+03,-2.013766409999999999e-11
1.566599999999999909e+03,-1.008317469999999962e-11
1.566700000000000045e+03,-2.013766409999999999e-11
1.566799999999999955e+03,-2.013766409999999999e-11
1.566900000000000091e+03,-2.013766409999999999e-11
1.567000000000000000e+03,2.009463429999999842e-11
1.567099999999999909e+03,6.033410579999999847e-11
1.567200000000000045e+03,-1.008317469999999962e-11
1.567299999999999955e+03,1.004014580000000019e-11
1.567400000000000091e+03,-2.013766409999999999e-11
1.567500000000000000e+03,-3.019932569999999825e-11
1.567599999999999909e+03,-1.008317469999999962e-11
1.567700000000000045e+03,4.021078260000000194e-11
1.567799999999999955e+03,4.021078260000000194e-11
1.567900000000000091e+03,1.004014580000000019e-11
1.568000000000000000e+03,-3.019932569999999825e-11
1.568099999999999909e+03,2.009463429999999842e-11
1.568200000000000045e+03,1.005664019999999988e-10
1.568299999999999955e+03,-2.151459790000000016e-14
1.568400000000000091e+03,-2.151459790000000016e-14
1.568500000000000000e+03,-2.151459790000000016e-14
1.568599999999999909e+03,4.021078260000000194e-11
1.568700000000000045e+03,-2.013766409999999999e-11
1.568799999999999955e+03,-3.019932569999999825e-11
1.568900000000000091e+03,-1.008317469999999962e-11
1.569000000000000000e+03,3.015629409999999887e-11
1.569099999999999909e+03,1.307442070000000107e-10
1.569200000000000045e+03,1.004014580000000019e-11
1.569299999999999955e+03,-2.013766409999999999e-11
1.569400000000000091e+03,6.033410579999999847e-11
1.569500000000000000e+03,-1.008317469999999962e-11
1.569599999999999909e+03,-3.019932569999999825e-11
1.569700000000000045e+03,-2.013766409999999999e-11
1.569799999999999955e+03,6.033410579999999847e-11
1.569900000000000091e+03,-2.151459790000000016e-14
1.570000000000000000e+03,-6.037713379999999577e-11
1.570099999999999909e+03,-2.013766409999999999e-11
1.570200000000000045e+03,3.015629409999999887e-11
1.570299999999999955e+03,-2.151459790000000016e-14
1.570400000000000091e+03,2.009463429999999842e-11
1.570500000000000000e+03,-2.151459790000000016e-14
1.570599999999999909e+03,-4.025381420000000132e-11
1.570700000000000045e+03,-1.008317469999999962e-11
1.570799999999999955e+03,-3.019932569999999825e-11
1.570900000000000091e+03,-3.019932569999999825e-11
1.571000000000000000e+03,-2.013766409999999999e-11
1.571099999999999909e+03,2.009463429999999842e-11
1.571200000000000045e+03,-4.025381420000000132e-11
1.571299999999999955e+03,3.015629409999999887e-11
1.571400000000000091e+03,5.027244250000000246e-11
1.571500000000000000e+03,-1.008317469999999962e-11
1.571599999999999909e+03,-2.013766409999999999e-11
1.571700000000000045e+03,5.027244250000000246e-11
1.571799999999999955e+03,1.004014580000000019e-11
1.571900000000000091e+03,-4.025381420000000132e-11
1.572000000000000000e+03,-3.019932569999999825e-11
1.572099999999999909e+03,-2.151459790000000016e-14
1.572200000000000045e+03,4.021078260000000194e-11
1.572299999999999955e+03,-4.025381420000000132e-11
1.572400000000000091e+03,-7.043162579999999763e-11
1.572500000000000000e+03,-1.008317469999999962e-11
1.572599999999999909e+03,7.038859080000000275e-11
1.572700000000000045e+03,1.004014580000000019e-11
1.572799999999999955e+03,-4.025381420000000132e-11
1.572900000000000091e+03,6.033410579999999847e-11
1.573000000000000000e+03,-4.025381420000000132e-11
1.573099999999999909e+03,-1.008317469999999962e-11
1.573200000000000045e+03,-1.008317469999999962e-11
1.573299999999999955e+03,-1.008317469999999962e-11
1.573400000000000091e+03,-3.019932569999999825e-11
1.573500000000000000e+03,-6.037713379999999577e-11
1.573599999999999909e+03,4.021078260000000194e-11
1.573700000000000045e+03,3.015629409999999887e-11
1.573799999999999955e+03,-3.019932569999999825e-11
1.573900000000000091e+03,-2.013766409999999999e-11
1.574000000000000000e+03,3.015629409999999887e-11
1.574099999999999909e+03,-4.025381420000000132e-11
1.574200000000000045e+03,9.051191049999999402e-11
1.574299999999999955e+03,8.045025059999999997e-11
1.574400000000000091e+03,7.038859080000000275e-11
1.574500000000000000e+03,-3.019932569999999825e-11
1.574599999999999909e+03,-2.151459790000000016e-14
1.574700000000000045e+03,3.015629409999999887e-11
1.574799999999999955e+03,-3.019932569999999825e-11
1.574900000000000091e+03,1.004014580000000019e-11
1.575000000000000000e+03,-4.025381420000000132e-11
1.575099999999999909e+03,3.015629409999999887e-11
1.575200000000000045e+03,-2.151459790000000016e-14
1.575299999999999955e+03,5.027244250000000246e-11
1.575400000000000091e+03,2.009463429999999842e-11
1.575500000000000000e+03,-4.025381420000000132e-11
1.575599999999999909e+03,-2.013766409999999999e-11
1.575700000000000045e+03,-2.151459790000000016e-14
1.575799999999999955e+03,-1.008317469999999962e-11
1.575900000000000091e+03,2.009463429999999842e-11
1.576000000000000000e+03,5.027244250000000246e-11
1.576099999999999909e+03,-5.031547399999999854e-11
1.576200000000000045e+03,-2.151459790000000016e-14
1.576299999999999955e+03,-2.013766409999999999e-11
1.576400000000000091e+03,-2.013766409999999999e-11
1.576500000000000000e+03,-1.008317469999999962e-11
1.576599999999999909e+03,-2.013766409999999999e-11
1.576700000000000045e+03,4.021078260000000194e-11
1.576799999999999955e+03,-2.013766409999999999e-11
1.576900000000000091e+03,-3.019932569999999825e-11
1.577000000000000000e+03,4.021078260000000194e-11
1.577099999999999909e+03,2.009463429999999842e-11
1.577200000000000045e+03,5.027244250000000246e-11
1.577299999999999955e+03,-2.013766409999999999e-11
1.577400000000000091e+03,-5.031547399999999854e-11
1.577500000000000000e+03,-2.013766409999999999e-11
1.577599999999999909e+03,5.027244250000000246e-11
1.577700000000000045e+03,-1.008317469999999962e-11
1.577799999999999955e+03,-5.031547399999999854e-11
1.577900000000000091e+03,-1.008317469999999962e-11
1.578000000000000000e+03,-2.151459790000000016e-14
1.578099999999999909e+03,-3.019932569999999825e-11
1.578200000000000045e+03,2.009463429999999842e-11
1.578299999999999955e+03,-4.025381420000000132e-11
1.578400000000000091e+03,6.033410579999999847e-11
1.578500000000000000e+03,1.004014580000000019e-11
1.578599999999999909e+03,5.027244250000000246e-11
1.578700000000000045e+03,-2.151459790000000016e-14
1.578799999999999955e+03,-1.008317469999999962e-11
1.578900000000000091e+03,-1.008317469999999962e-11
1.579000000000000000e+03,7.038859080000000275e-11
1.579099999999999909e+03,8.045025059999999997e-11
1.579200000000000045e+03,-3.019932569999999825e-11
1.579299999999999955e+03,1.106280620000000026e-10
1.579400000000000091e+03,7.038859080000000275e-11
1.579500000000000000e+03,-3.019932569999999825e-11
1.579599999999999909e+03,-3.019932569999999825e-11
1.579700000000000045e+03,-4.025381420000000132e-11
1.579799999999999955e+03,-1.008317469999999962e-11
1.579900000000000091e+03,8.045025059999999997e-11
1.580000000000000000e+03,-1.008317469999999962e-11
