1.550000000000000000e+03,-4.025381420000000132e-11
1.550009999999999991e+03,-4.025381420000000132e-11
1.550019999999999982e+03,1.004014580000000019e-11
1.550029999999999973e+03,-2.151459790000000016e-14
1.550039999999999964e+03,-2.013766409999999999e-11
1.550049999999999955e+03,6.033410579999999847e-11
1.550059999999999945e+03,6.033410579999999847e-11
1.550069999999999936e+03,3.015629409999999887e-11
1.550079999999999927e+03,5.027244250000000246e-11
1.550089999999999918e+03,5.027244250000000246e-11
1.550099999999999909e+03,4.021078260000000194e-11
1.550109999999999900e+03,1.004014580000000019e-11
1.550119999999999891e+03,6.033410579999999847e-11
1.550130000000000109e+03,7.038859080000000275e-11
1.550140000000000100e+03,-2.013766409999999999e-11
1.550150000000000091e+03,-2.013766409999999999e-11
1.550160000000000082e+03,8.045025059999999997e-11
1.550170000000000073e+03,-1.008317469999999962e-11
1.550180000000000064e+03,5.027244250000000246e-11
1.550190000000000055e+03,8.045025059999999997e-11
1.550200000000000045e+03,1.106280620000000026e-10
1.550210000000000036e+03,-3.019932569999999825e-11
1.550220000000000027e+03,-3.019932569999999825e-11
1.550230000000000018e+03,8.045025059999999997e-11
1.550240000000000009e+03,3.015629409999999887e-11
1.550250000000000000e+03,-6.037713379999999577e-11
1.550259999999999991e+03,2.009463429999999842e-11
1.550269999999999982e+03,9.051191049999999402e-11
1.550279999999999973e+03,-2.013766409999999999e-11
1.550289999999999964e+03,-2.013766409999999999e-11
1.550299999999999955e+03,1.005664019999999988e-10
1.550309999999999945e+03,-2.013766409999999999e-11
1.550319999999999936e+03,6.033410579999999847e-11
1.550329999999999927e+03,5.027244250000000246e-11
1.550339999999999918e+03,6.033410579999999847e-11
1.550349999999999909e+03,-2.013766409999999999e-11
1.550359999999999900e+03,4.021078260000000194e-11
1.550369999999999891e+03,6.033410579999999847e-11
1.550380000000000109e+03,5.027244250000000246e-11
1.550390000000000100e+03,5.027244250000000246e-11
1.550400000000000091e+03,1.004014580000000019e-11
1.550410000000000082e+03,3.015629409999999887e-11
1.550420000000000073e+03,-5.031547399999999854e-11
1.550430000000000064e+03,8.045025059999999997e-11
1.550440000000000055e+03,7.038859080000000275e-11
1.550450000000000045e+03,-2.013766409999999999e-11
1.550460000000000036e+03,8.045025059999999997e-11
1.550470000000000027e+03,5.027244250000000246e-11
1.550480000000000018e+03,-1.008317469999999962e-11
1.550490000000000009e+03,1.004014580000000019e-11
1.550500000000000000e+03,-1.008317469999999962e-11
1.550509999999999991e+03,3.015629409999999887e-11
1.550519999999999982e+03,3.015629409999999887e-11
1.550529999999999973e+03,-1.008317469999999962e-11
1.550539999999999964e+03,-2.151459790000000016e-14
1.550549999999999955e+03,5.027244250000000246e-11
1.550559999999999945e+03,1.004014580000000019e-11
1.550569999999999936e+03,2.009463429999999842e-11
1.550579999999999927e+03,-1.008317469999999962e-11
1.550589999999999918e+03,1.005664019999999988e-10
1.550599999999999909e+03,-1.008317469999999962e-11
1.550609999999999900e+03,2.009463429999999842e-11
1.550619999999999891e+03,-4.025381420000000132e-11
1.550630000000000109e+03,1.004014580000000019e-11
1.550640000000000100e+03,2.009463429999999842e-11
1.550650000000000091e+03,-2.013766409999999999e-11
1.550660000000000082e+03,2.009463429999999842e-11
1.550670000000000073e+03,-4.025381420000000132e-11
1.550680000000000064e+03,3.015629409999999887e-11
1.550690000000000055e+03,-1.008317469999999962e-11
1.550700000000000045e+03,-3.019932569999999825e-11
1.550710000000000036e+03,-2.013766409999999999e-11
1.550720000000000027e+03,7.038859080000000275e-11
1.550730000000000018e+03,5.027244250000000246e-11
1.550740000000000009e+03,-2.151459790000000016e-14
1.550750000000000000e+03,1.004014580000000019e-11
1.550759999999999991e+03,-2.013766409999999999e-11
1.550769999999999982e+03,6.033410579999999847e-11
1.550779999999999973e+03,9.051191049999999402e-11
1.550789999999999964e+03,1.004014580000000019e-11
1.550799999999999955e+03,-3.019932569999999825e-11
1.550809999999999945e+03,-4.025381420000000132e-11
1.550819999999999936e+03,-3.019932569999999825e-11
1.550829999999999927e+03,-1.008317469999999962e-11
1.550839999999999918e+03,2.009463429999999842e-11
1.550849999999999909e+03,-1.008317469999999962e-11
1.550859999999999900e+03,1.004014580000000019e-11
1.550869999999999891e+03,-1.008317469999999962e-11
1.550880000000000109e+03,-1.008317469999999962e-11
1.550890000000000100e+03,-1.008317469999999962e-11
1.550900000000000091e+03,-2.013766409999999999e-11
1.550910000000000082e+03,-3.019932569999999825e-11
1.550920000000000073e+03,-4.025381420000000132e-11
1.550930000000000064e+03,5.027244250000000246e-11
1.550940000000000055e+03,-1.008317469999999962e-11
1.550950000000000045e+03,3.015629409999999887e-11
1.550960000000000036e+03,4.021078260000000194e-11
1.550970000000000027e+03,-2.151459790000000016e-14
1.550980000000000018e+03,5.027244250000000246e-11
1.550990000000000009e+03,3.015629409999999887e-11
1.551000000000000000e+03,1.004014580000000019e-11
1.551009999999999991e+03,6.033410579999999847e-11
1.551019999999999982e+03,2.009463429999999842e-11
1.551029999999999973e+03,-3.019932569999999825e-11
1.551039999999999964e+03,-3.019932569999999825e-11
1.551049999999999955e+03,1.004014580000000019e-11
1.551059999999999945e+03,5.027244250000000246e-11
1.551069999999999936e+03,8.045025059999999997e-11
1.551079999999999927e+03,6.033410579999999847e-11
1.551089999999999918e+03,-2.151459790000000016e-14
1.551099999999999909e+03,-3.019932569999999825e-11
1.551109999999999900e+03,-1.008317469999999962e-11
1.551119999999999891e+03,-1.008317469999999962e-11
1.551130000000000109e+03,-2.013766409999999999e-11
1.551140000000000100e+03,-1.008317469999999962e-11
1.551150000000000091e+03,-3.019932569999999825e-11
1.551160000000000082e+03,-2.013766409999999999e-11
1.551170000000000073e+03,-1.008317469999999962e-11
1.551180000000000064e+03,3.015629409999999887e-11
1.551190000000000055e+03,-1.008317469999999962e-11
1.551200000000000045e+03,-1.008317469999999962e-11
1.551210000000000036e+03,5.027244250000000246e-11
1.551220000000000027e+03,8.045025059999999997e-11
1.551230000000000018e+03,5.027244250000000246e-11
1.551240000000000009e+03,2.009463429999999842e-11
1.551250000000000000e+03,-1.008317469999999962e-11
1.551259999999999991e+03,-6.037713379999999577e-11
1.551269999999999982e+03,-2.013766409999999999e-11
1.551279999999999973e+03,8.045025059999999997e-11
1.551289999999999964e+03,5.027244250000000246e-11
1.551299999999999955e+03,2.009463429999999842e-11
1.551309999999999945e+03,1.004014580000000019e-11
1.551319999999999936e+03,7.038859080000000275e-11
1.551329999999999927e+03,7.038859080000000275e-11
1.551339999999999918e+03,-1.008317469999999962e-11
1.551349999999999909e+03,2.009463429999999842e-11
1.551359999999999900e+03,-2.151459790000000016e-14
1.551369999999999891e+03,-3.019932569999999825e-11
1.551380000000000109e+03,-2.151459790000000016e-14
1.551390000000000100e+03,-2.013766409999999999e-11
1.551400000000000091e+03,3.015629409999999887e-11
1.551410000000000082e+03,-2.013766409999999999e-11
1.551420000000000073e+03,2.009463429999999842e-11
1.551430000000000064e+03,-2.151459790000000016e-14
1.551440000000000055e+03,6.033410579999999847e-11
1.551450000000000045e+03,2.009463429999999842e-11
1.551460000000000036e+03,5.027244250000000246e-11
1.551470000000000027e+03,2.009463429999999842e-11
1.551480000000000018e+03,-2.151459790000000016e-14
1.551490000000000009e+03,-2.151459790000000016e-14
1.551500000000000000e+03,5.027244250000000246e-11
1.551509999999999991e+03,-1.008317469999999962e-11
1.551519999999999982e+03,8.045025059999999997e-11
1.551529999999999973e+03,-1.008317469999999962e-11
1.551539999999999964e+03,-2.151459790000000016e-14
1.551549999999999955e+03,1.106280620000000026e-10
1.551559999999999945e+03,-2.151459790000000016e-14
1.551569999999999936e+03,-2.013766409999999999e-11
1.551579999999999927e+03,-5.031547399999999854e-11
1.551589999999999918e+03,-8.049328559999999485e-11
1.551599999999999909e+03,-2.151459790000000016e-14
1.551609999999999900e+03,6.033410579999999847e-11
1.551619999999999891e+03,-6.037713379999999577e-11
1.551630000000000109e+03,6.033410579999999847e-11
1.551640000000000100e+03,5.027244250000000246e-11
1.551650000000000091e+03,-2.013766409999999999e-11
1.551660000000000082e+03,-2.013766409999999999e-11
1.551670000000000073e+03,-1.008317469999999962e-11
1.551680000000000064e+03,-2.151459790000000016e-14
1.551690000000000055e+03,-4.025381420000000132e-11
1.551700000000000045e+03,8.045025059999999997e-11
1.551710000000000036e+03,1.004014580000000019e-11
1.551720000000000027e+03,1.004014580000000019e-11
1.551730000000000018e+03,-2.151459790000000016e-14
1.551740000000000009e+03,-2.013766409999999999e-11
1.551750000000000000e+03,1.004014580000000019e-11
1.551759999999999991e+03,-2.151459790000000016e-14
1.551769999999999982e+03,2.009463429999999842e-11
1.551779999999999973e+03,2.009463429999999842e-11
1.551789999999999964e+03,-1.008317469999999962e-11
1.551799999999999955e+03,-1.008317469999999962e-11
1.551809999999999945e+03,-1.008317469999999962e-11
1.551819999999999936e+03,-3.019932569999999825e-11
1.551829999999999927e+03,7.038859080000000275e-11
1.551839999999999918e+03,-3.019932569999999825e-11
1.551849999999999909e+03,-2.013766409999999999e-11
1.551859999999999900e+03,-1.008317469999999962e-11
1.551869999999999891e+03,-6.037713379999999577e-11
1.551880000000000109e+03,-2.151459790000000016e-14
1.551890000000000100e+03,-1.008317469999999962e-11
1.551900000000000091e+03,1.004014580000000019e-11
1.551910000000000082e+03,9.051191049999999402e-11
1.551920000000000073e+03,7.038859080000000275e-11
1.551930000000000064e+03,-2.151459790000000016e-14
1.551940000000000055e+03,-2.151459790000000016e-14
1.551950000000000045e+03,3.015629409999999887e-11
1.551960000000000036e+03,-2.151459790000000016e-14
1.551970000000000027e+03,-2.013766409999999999e-11
1.551980000000000018e+03,-3.019932569999999825e-11
1.551990000000000009e+03,9.051191049999999402e-11
1.552000000000000000e+03,8.045025059999999997e-11
1.552009999999999991e+03,4.021078260000000194e-11
1.552019999999999982e+03,1.004014580000000019e-11
1.552029999999999973e+03,6.033410579999999847e-11
1.552039999999999964e+03,-6.037713379999999577e-11
1.552049999999999955e+03,-5.031547399999999854e-11
1.552059999999999945e+03,1.005664019999999988e-10
1.552069999999999936e+03,1.004014580000000019e-11
1.552079999999999927e+03,2.009463429999999842e-11
1.552089999999999918e+03,6.033410579999999847e-11
1.552099999999999909e+03,-1.008317469999999962e-11
1.552109999999999900e+03,-5.031547399999999854e-11
1.552119999999999891e+03,2.009463429999999842e-11
1.552130000000000109e+03,-2.013766409999999999e-11
1.552140000000000100e+03,-1.008317469999999962e-11
1.552150000000000091e+03,6.033410579999999847e-11
1.552160000000000082e+03,9.051191049999999402e-11
1.552170000000000073e+03,1.004014580000000019e-11
1.552180000000000064e+03,-1.008317469999999962e-11
1.552190000000000055e+03,-3.019932569999999825e-11
1.552200000000000045e+03,3.015629409999999887e-11
1.552210000000000036e+03,4.021078260000000194e-11
1.552220000000000027e+03,-2.013766409999999999e-11
1.552230000000000018e+03,3.015629409999999887e-11
1.552240000000000009e+03,-2.013766409999999999e-11
1.552250000000000000e+03,1.004014580000000019e-11
1.552259999999999991e+03,1.004014580000000019e-11
1.552269999999999982e+03,9.051191049999999402e-11
1.552279999999999973e+03,-1.008317469999999962e-11
1.552289999999999964e+03,-2.013766409999999999e-11
1.552299999999999955e+03,5.027244250000000246e-11
1.552309999999999945e+03,-3.019932569999999825e-11
1.552319999999999936e+03,-5.031547399999999854e-11
1.552329999999999927e+03,-2.151459790000000016e-14
1.552339999999999918e+03,6.033410579999999847e-11
1.552349999999999909e+03,1.004014580000000019e-11
1.552359999999999900e+03,-3.019932569999999825e-11
1.552369999999999891e+03,-1.008317469999999962e-11
1.552380000000000109e+03,7.038859080000000275e-11
1.552390000000000100e+03,-2.013766409999999999e-11
1.552400000000000091e+03,7.038859080000000275e-11
1.552410000000000082e+03,8.045025059999999997e-11
1.552420000000000073e+03,-2.151459790000000016e-14
1.552430000000000064e+03,-2.013766409999999999e-11
1.552440000000000055e+03,3.015629409999999887e-11
1.552450000000000045e+03,6.033410579999999847e-11
1.552460000000000036e+03,-3.019932569999999825e-11
1.552470000000000027e+03,5.027244250000000246e-11
1.552480000000000018e+03,-2.151459790000000016e-14
1.552490000000000009e+03,-2.151459790000000016e-14
1.552500000000000000e+03,2.009463429999999842e-11
1.552509999999999991e+03,2.009463429999999842e-11
1.552519999999999982e+03,-2.013766409999999999e-11
1.552529999999999973e+03,-1.008317469999999962e-11
1.552539999999999964e+03,5.027244250000000246e-11
1.552549999999999955e+03,1.004014580000000019e-11
1.552559999999999945e+03,-3.019932569999999825e-11
1.552569999999999936e+03,-2.013766409999999999e-11
1.552579999999999927e+03,-2.013766409999999999e-11
1.552589999999999918e+03,4.021078260000000194e-11
1.552599999999999909e+03,-3.019932569999999825e-11
1.552609999999999900e+03,7.038859080000000275e-11
1.552619999999999891e+03,1.004014580000000019e-11
1.552630000000000109e+03,4.021078260000000194e-11
1.552640000000000100e+03,-3.019932569999999825e-11
1.552650000000000091e+03,-1.008317469999999962e-11
1.552660000000000082e+03,-3.019932569999999825e-11
1.552670000000000073e+03,6.033410579999999847e-11
1.552680000000000064e+03,-5.031547399999999854e-11
1.552690000000000055e+03,-2.151459790000000016e-14
1.552700000000000045e+03,5.027244250000000246e-11
1.552710000000000036e+03,-2.151459790000000016e-14
1.552720000000000027e+03,6.033410579999999847e-11
1.552730000000000018e+03,-1.008317469999999962e-11
1.552740000000000009e+03,-2.151459790000000016e-14
1.552750000000000000e+03,2.009463429999999842e-11
1.552759999999999991e+03,-2.013766409999999999e-11
1.552769999999999982e+03,-4.025381420000000132e-11
1.552779999999999973e+03,-4.025381420000000132e-11
1.552789999999999964e+03,-2.013766409999999999e-11
1.552799999999999955e+03,-4.025381420000000132e-11
1.552809999999999945e+03,-1.008317469999999962e-11
1.552819999999999936e+03,-3.019932569999999825e-11
1.552829999999999927e+03,-1.008317469999999962e-11
1.552839999999999918e+03,-3.019932569999999825e-11
1.552849999999999909e+03,1.004014580000000019e-11
1.552859999999999900e+03,2.009463429999999842e-11
1.552869999999999891e+03,8.045025059999999997e-11
1.552880000000000109e+03,-3.019932569999999825e-11
1.552890000000000100e+03,-2.151459790000000016e-14
1.552900000000000091e+03,-2.151459790000000016e-14
1.552910000000000082e+03,9.051191049999999402e-11
1.552920000000000073e+03,4.021078260000000194e-11
1.552930000000000064e+03,6.033410579999999847e-11
1.552940000000000055e+03,3.015629409999999887e-11
1.552950000000000045e+03,-1.008317469999999962e-11
1.552960000000000036e+03,-1.008317469999999962e-11
1.552970000000000027e+03,-3.019932569999999825e-11
1.552980000000000018e+03,9.051191049999999402e-11
1.552990000000000009e+03,-4.025381420000000132e-11
1.553000000000000000e+03,-2.013766409999999999e-11
1.553009999999999991e+03,-2.013766409999999999e-11
1.553019999999999982e+03,-2.151459790000000016e-14
1.553029999999999973e+03,9.051191049999999402e-11
1.553039999999999964e+03,1.004014580000000019e-11
1.553049999999999955e+03,5.027244250000000246e-11
1.553059999999999945e+03,1.004014580000000019e-11
1.553069999999999936e+03,-4.025381420000000132e-11
1.553079999999999927e+03,6.033410579999999847e-11
1.553089999999999918e+03,-2.151459790000000016e-14
1.553099999999999909e+03,2.009463429999999842e-11
1.553109999999999900e+03,-1.008317469999999962e-11
1.553119999999999891e+03,1.004014580000000019e-11
1.553130000000000109e+03,-3.019932569999999825e-11
1.553140000000000100e+03,-1.008317469999999962e-11
1.553150000000000091e+03,2.009463429999999842e-11
1.553160000000000082e+03,5.027244250000000246e-11
1.553170000000000073e+03,7.038859080000000275e-11
1.553180000000000064e+03,5.027244250000000246e-11
1.553190000000000055e+03,-1.008317469999999962e-11
1.553200000000000045e+03,-2.013766409999999999e-11
1.553210000000000036e+03,1.004014580000000019e-11
1.553220000000000027e+03,-3.019932569999999825e-11
1.553230000000000018e+03,1.004014580000000019e-11
1.553240000000000009e+03,-3.019932569999999825e-11
1.553250000000000000e+03,-3.019932569999999825e-11
1.553259999999999991e+03,1.004014580000000019e-11
1.553269999999999982e+03,-2.013766409999999999e-11
1.553279999999999973e+03,6.033410579999999847e-11
1.553289999999999964e+03,-2.013766409999999999e-11
1.553299999999999955e+03,-1.008317469999999962e-11
1.553309999999999945e+03,-2.013766409999999999e-11
1.553319999999999936e+03,1.004014580000000019e-11
1.553329999999999927e+03,2.009463429999999842e-11
1.553339999999999918e+03,-2.151459790000000016e-14
1.553349999999999909e+03,-2.151459790000000016e-14
1.553359999999999900e+03,-6.037713379999999577e-11
1.553369999999999891e+03,-3.019932569999999825e-11
1.553380000000000109e+03,-3.019932569999999825e-11
1.553390000000000100e+03,-3.019932569999999825e-11
1.553400000000000091e+03,-1.008317469999999962e-11
1.553410000000000082e+03,1.004014580000000019e-11
1.553420000000000073e+03,-2.013766409999999999e-11
1.553430000000000064e+03,-2.013766409999999999e-11
1.553440000000000055e+03,-1.008317469999999962e-11
1.553450000000000045e+03,5.027244250000000246e-11
1.553460000000000036e+03,-3.019932569999999825e-11
1.553470000000000027e+03,7.038859080000000275e-11
1.553480000000000018e+03,3.015629409999999887e-11
1.553490000000000009e+03,-2.151459790000000016e-14
1.553500000000000000e+03,-2.013766409999999999e-11
1.553509999999999991e+03,-2.151459790000000016e-14
1.553519999999999982e+03,-1.008317469999999962e-11
1.553529999999999973e+03,5.027244250000000246e-11
1.553539999999999964e+03,4.021078260000000194e-11
1.553549999999999955e+03,1.004014580000000019e-11
1.553559999999999945e+03,-1.008317469999999962e-11
1.553569999999999936e+03,9.051191049999999402e-11
1.553579999999999927e+03,-2.151459790000000016e-14
1.553589999999999918e+03,-1.008317469999999962e-11
1.553599999999999909e+03,-2.013766409999999999e-11
1.553609999999999900e+03,-2.151459790000000016e-14
1.553619999999999891e+03,-4.025381420000000132e-11
1.553630000000000109e+03,1.004014580000000019e-11
1.553640000000000100e+03,-1.008317469999999962e-11
1.553650000000000091e+03,-4.025381420000000132e-11
1.553660000000000082e+03,6.033410579999999847e-11
1.553670000000000073e+03,-2.151459790000000016e-14
1.553680000000000064e+03,1.004014580000000019e-11
1.553690000000000055e+03,-5.031547399999999854e-11
1.553700000000000045e+03,-2.151459790000000016e-14
1.553710000000000036e+03,1.004014580000000019e-11
1.553720000000000027e+03,4.021078260000000194e-11
1.553730000000000018e+03,-1.008317469999999962e-11
1.553740000000000009e+03,-2.151459790000000016e-14
1.553750000000000000e+03,-1.008317469999999962e-11
1.553759999999999991e+03,-3.019932569999999825e-11
1.553769999999999982e+03,4.021078260000000194e-11
1.553779999999999973e+03,4.021078260000000194e-11
1.553789999999999964e+03,5.027244250000000246e-11
1.553799999999999955e+03,5.027244250000000246e-11
1.553809999999999945e+03,-2.151459790000000016e-14
1.553819999999999936e+03,-3.019932569999999825e-11
1.553829999999999927e+03,1.004014580000000019e-11
1.553839999999999918e+03,2.009463429999999842e-11
1.553849999999999909e+03,5.027244250000000246e-11
1.553859999999999900e+03,1.004014580000000019e-11
1.553869999999999891e+03,6.033410579999999847e-11
1.553880000000000109e+03,-2.013766409999999999e-11
1.553890000000000100e+03,7.038859080000000275e-11
1.553900000000000091e+03,6.033410579999999847e-11
1.553910000000000082e+03,-4.025381420000000132e-11
1.553920000000000073e+03,-6.037713379999999577e-11
1.553930000000000064e+03,6.033410579999999847e-11
1.553940000000000055e+03,-2.151459790000000016e-14
1.553950000000000045e+03,-6.037713379999999577e-11
1.553960000000000036e+03,-2.013766409999999999e-11
1.553970000000000027e+03,1.004014580000000019e-11
1.553980000000000018e+03,-3.019932569999999825e-11
1.553990000000000009e+03,1.004014580000000019e-11
1.554000000000000000e+03,-2.013766409999999999e-11
1.554009999999999991e+03,-1.008317469999999962e-11
1.554019999999999982e+03,5.027244250000000246e-11
1.554029999999999973e+03,-2.151459790000000016e-14
1.554039999999999964e+03,-2.151459790000000016e-14
1.554049999999999955e+03,-2.151459790000000016e-14
1.554059999999999945e+03,-3.019932569999999825e-11
1.554069999999999936e+03,-3.019932569999999825e-11
1.554079999999999927e+03,5.027244250000000246e-11
1.554089999999999918e+03,6.033410579999999847e-11
1.554099999999999909e+03,1.004014580000000019e-11
1.554109999999999900e+03,-2.013766409999999999e-11
1.554119999999999891e+03,-3.019932569999999825e-11
1.554130000000000109e+03,-1.008317469999999962e-11
1.554140000000000100e+03,-1.008317469999999962e-11
1.554150000000000091e+03,6.033410579999999847e-11
1.554160000000000082e+03,-3.019932569999999825e-11
1.554170000000000073e+03,-1.008317469999999962e-11
1.554180000000000064e+03,4.021078260000000194e-11
1.554190000000000055e+03,2.009463429999999842e-11
1.554200000000000045e+03,-2.013766409999999999e-11
1.554210000000000036e+03,2.009463429999999842e-11
1.554220000000000027e+03,-2.013766409999999999e-11
1.554230000000000018e+03,-4.025381420000000132e-11
1.554240000000000009e+03,-3.019932569999999825e-11
1.554250000000000000e+03,1.004014580000000019e-11
1.554259999999999991e+03,1.004014580000000019e-11
1.554269999999999982e+03,5.027244250000000246e-11
1.554279999999999973e+03,-1.008317469999999962e-11
1.554289999999999964e+03,4.021078260000000194e-11
1.554299999999999955e+03,5.027244250000000246e-11
1.554309999999999945e+03,-6.037713379999999577e-11
1.554319999999999936e+03,-2.151459790000000016e-14
1.554329999999999927e+03,9.051191049999999402e-11
1.554339999999999918e+03,8.045025059999999997e-11
1.554349999999999909e+03,-2.151459790000000016e-14
1.554359999999999900e+03,-2.151459790000000016e-14
1.554369999999999891e+03,2.009463429999999842e-11
1.554380000000000109e+03,-3.019932569999999825e-11
1.554390000000000100e+03,-1.008317469999999962e-11
1.554400000000000091e+03,-2.013766409999999999e-11
1.554410000000000082e+03,6.033410579999999847e-11
1.554420000000000073e+03,4.021078260000000194e-11
1.554430000000000064e+03,8.045025059999999997e-11
1.554440000000000055e+03,6.033410579999999847e-11
1.554450000000000045e+03,-2.151459790000000016e-14
1.554460000000000036e+03,5.027244250000000246e-11
1.554470000000000027e+03,-2.151459790000000016e-14
1.554480000000000018e+03,-2.151459790000000016e-14
1.554490000000000009e+03,2.009463429999999842e-11
1.554500000000000000e+03,-1.008317469999999962e-11
1.554509999999999991e+03,-2.151459790000000016e-14
1.554519999999999982e+03,-2.151459790000000016e-14
1.554529999999999973e+03,1.004014580000000019e-11
1.554539999999999964e+03,-1.008317469999999962e-11
1.554549999999999955e+03,-2.151459790000000016e-14
1.554559999999999945e+03,1.004014580000000019e-11
1.554569999999999936e+03,-2.013766409999999999e-11
1.554579999999999927e+03,4.021078260000000194e-11
1.554589999999999918e+03,-1.008317469999999962e-11
1.554599999999999909e+03,-3.019932569999999825e-11
1.554609999999999900e+03,1.004014580000000019e-11
1.554619999999999891e+03,-2.013766409999999999e-11
1.554630000000000109e+03,-1.008317469999999962e-11
1.554640000000000100e+03,7.038859080000000275e-11
1.554650000000000091e+03,-2.013766409999999999e-11
1.554660000000000082e+03,2.009463429999999842e-11
1.554670000000000073e+03,5.027244250000000246e-11
1.554680000000000064e+03,-4.025381420000000132e-11
1.554690000000000055e+03,8.045025059999999997e-11
1.554700000000000045e+03,1.004014580000000019e-11
1.554710000000000036e+03,-4.025381420000000132e-11
1.554720000000000027e+03,-3.019932569999999825e-11
1.554730000000000018e+03,-2.151459790000000016e-14
1.554740000000000009e+03,-2.013766409999999999e-11
1.554750000000000000e+03,-3.019932569999999825e-11
1.554759999999999991e+03,-4.025381420000000132e-11
1.554769999999999982e+03,7.038859080000000275e-11
1.554779999999999973e+03,2.009463429999999842e-11
1.554789999999999964e+03,-3.019932569999999825e-11
1.554799999999999955e+03,-4.025381420000000132e-11
1.554809999999999945e+03,-2.013766409999999999e-11
1.554819999999999936e+03,-4.025381420000000132e-11
1.554829999999999927e+03,-3.019932569999999825e-11
1.554839999999999918e+03,-1.008317469999999962e-11
1.554849999999999909e+03,-3.019932569999999825e-11
1.554859999999999900e+03,-1.008317469999999962e-11
1.554869999999999891e+03,6.033410579999999847e-11
1.554880000000000109e+03,2.009463429999999842e-11
1.554890000000000100e+03,-2.151459790000000016e-14
1.554900000000000091e+03,6.033410579999999847e-11
1.554910000000000082e+03,4.021078260000000194e-11
1.554920000000000073e+03,7.038859080000000275e-11
1.554930000000000064e+03,-2.151459790000000016e-14
1.554940000000000055e+03,1.004014580000000019e-11
1.554950000000000045e+03,-3.019932569999999825e-11
1.554960000000000036e+03,1.004014580000000019e-11
1.554970000000000027e+03,9.051191049999999402e-11
1.554980000000000018e+03,1.004014580000000019e-11
1.554990000000000009e+03,-5.031547399999999854e-11
1.555000000000000000e+03,8.045025059999999997e-11
1.555009999999999991e+03,-3.019932569999999825e-11
1.555019999999999982e+03,-5.031547399999999854e-11
1.555029999999999973e+03,4.021078260000000194e-11
1.555039999999999964e+03,1.004014580000000019e-11
1.555049999999999955e+03,-3.019932569999999825e-11
1.555059999999999945e+03,6.033410579999999847e-11
1.555069999999999936e+03,-2.013766409999999999e-11
1.555079999999999927e+03,-1.008317469999999962e-11
1.555089999999999918e+03,8.045025059999999997e-11
1.555099999999999909e+03,-2.013766409999999999e-11
1.555109999999999900e+03,3.015629409999999887e-11
1.555119999999999891e+03,3.015629409999999887e-11
1.555130000000000109e+03,1.206825469999999940e-10
1.555140000000000100e+03,9.051191049999999402e-11
1.555150000000000091e+03,8.045025059999999997e-11
1.555160000000000082e+03,5.027244250000000246e-11
1.555170000000000073e+03,1.004014580000000019e-11
1.555180000000000064e+03,-1.008317469999999962e-11
1.555190000000000055e+03,6.033410579999999847e-11
1.555200000000000045e+03,-4.025381420000000132e-11
1.555210000000000036e+03,-2.013766409999999999e-11
1.555220000000000027e+03,-1.008317469999999962e-11
1.555230000000000018e+03,-4.025381420000000132e-11
1.555240000000000009e+03,-2.151459790000000016e-14
1.555250000000000000e+03,-2.013766409999999999e-11
1.555259999999999991e+03,-4.025381420000000132e-11
1.555269999999999982e+03,1.004014580000000019e-11
1.555279999999999973e+03,-2.151459790000000016e-14
1.555289999999999964e+03,-2.013766409999999999e-11
1.555299999999999955e+03,-2.013766409999999999e-11
1.555309999999999945e+03,-5.031547399999999854e-11
1.555319999999999936e+03,8.045025059999999997e-11
1.555329999999999927e+03,1.004014580000000019e-11
1.555339999999999918e+03,-3.019932569999999825e-11
1.555349999999999909e+03,-2.013766409999999999e-11
1.555359999999999900e+03,-3.019932569999999825e-11
1.555369999999999891e+03,6.033410579999999847e-11
1.555380000000000109e+03,1.004014580000000019e-11
1.555390000000000100e+03,-3.019932569999999825e-11
1.555400000000000091e+03,-1.008317469999999962e-11
1.555410000000000082e+03,-3.019932569999999825e-11
1.555420000000000073e+03,2.009463429999999842e-11
1.555430000000000064e+03,1.004014580000000019e-11
1.555440000000000055e+03,6.033410579999999847e-11
1.555450000000000045e+03,-2.013766409999999999e-11
1.555460000000000036e+03,1.004014580000000019e-11
1.555470000000000027e+03,8.045025059999999997e-11
1.555480000000000018e+03,3.015629409999999887e-11
1.555490000000000009e+03,1.004014580000000019e-11
1.555500000000000000e+03,2.009463429999999842e-11
1.555509999999999991e+03,1.004014580000000019e-11
1.555519999999999982e+03,1.005664019999999988e-10
1.555529999999999973e+03,8.045025059999999997e-11
1.555539999999999964e+03,8.045025059999999997e-11
1.555549999999999955e+03,-1.008317469999999962e-11
1.555559999999999945e+03,1.106280620000000026e-10
1.555569999999999936e+03,-1.008317469999999962e-11
1.555579999999999927e+03,4.021078260000000194e-11
1.555589999999999918e+03,-2.151459790000000016e-14
1.555599999999999909e+03,3.015629409999999887e-11
1.555609999999999900e+03,1.004014580000000019e-11
1.555619999999999891e+03,-1.008317469999999962e-11
1.555630000000000109e+03,-5.031547399999999854e-11
1.555640000000000100e+03,3.015629409999999887e-11
1.555650000000000091e+03,-4.025381420000000132e-11
1.555660000000000082e+03,3.015629409999999887e-11
1.555670000000000073e+03,7.038859080000000275e-11
1.555680000000000064e+03,4.021078260000000194e-11
1.555690000000000055e+03,-4.025381420000000132e-11
1.555700000000000045e+03,-2.151459790000000016e-14
1.555710000000000036e+03,-1.008317469999999962e-11
1.555720000000000027e+03,1.206825469999999940e-10
1.555730000000000018e+03,1.709836860000000086e-10
1.555740000000000009e+03,-2.151459790000000016e-14
1.555750000000000000e+03,1.004014580000000019e-11
1.555759999999999991e+03,2.009463429999999842e-11
1.555769999999999982e+03,1.004014580000000019e-11
1.555779999999999973e+03,3.015629409999999887e-11
1.555789999999999964e+03,-2.151459790000000016e-14
1.555799999999999955e+03,-1.008317469999999962e-11
1.555809999999999945e+03,3.015629409999999887e-11
1.555819999999999936e+03,-1.008317469999999962e-11
1.555829999999999927e+03,1.005664019999999988e-10
1.555839999999999918e+03,1.004014580000000019e-11
1.555849999999999909e+03,-2.151459790000000016e-14
1.555859999999999900e+03,1.004014580000000019e-11
1.555869999999999891e+03,-4.025381420000000132e-11
1.555880000000000109e+03,7.038859080000000275e-11
1.555890000000000100e+03,3.015629409999999887e-11
1.555900000000000091e+03,-2.151459790000000016e-14
1.555910000000000082e+03,-5.031547399999999854e-11
1.555920000000000073e+03,-1.008317469999999962e-11
1.555930000000000064e+03,3.015629409999999887e-11
1.555940000000000055e+03,4.021078260000000194e-11
1.555950000000000045e+03,-2.151459790000000016e-14
1.555960000000000036e+03,-2.013766409999999999e-11
1.555970000000000027e+03,9.051191049999999402e-11
1.555980000000000018e+03,1.004014580000000019e-11
1.555990000000000009e+03,-3.019932569999999825e-11
1.556000000000000000e+03,-3.019932569999999825e-11
1.556009999999999991e+03,6.033410579999999847e-11
1.556019999999999982e+03,2.009463429999999842e-11
1.556029999999999973e+03,3.015629409999999887e-11
1.556039999999999964e+03,-2.151459790000000016e-14
1.556049999999999955e+03,1.106280620000000026e-10
1.556059999999999945e+03,7.038859080000000275e-11
1.556069999999999936e+03,-2.013766409999999999e-11
1.556079999999999927e+03,7.038859080000000275e-11
1.556089999999999918e+03,-1.008317469999999962e-11
1.556099999999999909e+03,1.004014580000000019e-11
1.556109999999999900e+03,-5.031547399999999854e-11
1.556119999999999891e+03,8.045025059999999997e-11
1.556130000000000109e+03,-4.025381420000000132e-11
1.556140000000000100e+03,-1.008317469999999962e-11
1.556150000000000091e+03,-1.008317469999999962e-11
1.556160000000000082e+03,1.004014580000000019e-11
1.556170000000000073e+03,7.038859080000000275e-11
1.556180000000000064e+03,6.033410579999999847e-11
1.556190000000000055e+03,2.009463429999999842e-11
1.556200000000000045e+03,1.004014580000000019e-11
1.556210000000000036e+03,1.004014580000000019e-11
1.556220000000000027e+03,-1.008317469999999962e-11
1.556230000000000018e+03,-3.019932569999999825e-11
1.556240000000000009e+03,-1.008317469999999962e-11
1.556250000000000000e+03,-2.013766409999999999e-11
1.556259999999999991e+03,2.009463429999999842e-11
1.556269999999999982e+03,-2.151459790000000016e-14
1.556279999999999973e+03,-2.151459790000000016e-14
1.556289999999999964e+03,1.004014580000000019e-11
1.556299999999999955e+03,-3.019932569999999825e-11
1.556309999999999945e+03,-2.151459790000000016e-14
1.556319999999999936e+03,5.027244250000000246e-11
1.556329999999999927e+03,-1.008317469999999962e-11
1.556339999999999918e+03,-2.013766409999999999e-11
1.556349999999999909e+03,-2.013766409999999999e-11
1.556359999999999900e+03,-3.019932569999999825e-11
1.556369999999999891e+03,-2.151459790000000016e-14
1.556380000000000109e+03,-2.151459790000000016e-14
1.556390000000000100e+03,-2.151459790000000016e-14
1.556400000000000091e+03,-3.019932569999999825e-11
1.556410000000000082e+03,-4.025381420000000132e-11
1.556420000000000073e+03,7.038859080000000275e-11
1.556430000000000064e+03,-1.008317469999999962e-11
1.556440000000000055e+03,1.004014580000000019e-11
1.556450000000000045e+03,2.009463429999999842e-11
1.556460000000000036e+03,-2.151459790000000016e-14
1.556470000000000027e+03,8.045025059999999997e-11
1.556480000000000018e+03,-1.008317469999999962e-11
1.556490000000000009e+03,4.021078260000000194e-11
1.556500000000000000e+03,4.021078260000000194e-11
1.556509999999999991e+03,-2.151459790000000016e-14
1.556519999999999982e+03,-3.019932569999999825e-11
1.556529999999999973e+03,-3.019932569999999825e-11
1.556539999999999964e+03,-3.019932569999999825e-11
1.556549999999999955e+03,-2.151459790000000016e-14
1.556559999999999945e+03,-2.013766409999999999e-11
1.556569999999999936e+03,4.021078260000000194e-11
1.556579999999999927e+03,-2.013766409999999999e-11
1.556589999999999918e+03,-1.008317469999999962e-11
1.556599999999999909e+03,-2.013766409999999999e-11
1.556609999999999900e+03,-3.019932569999999825e-11
1.556619999999999891e+03,-2.151459790000000016e-14
1.556630000000000109e+03,-2.013766409999999999e-11
1.556640000000000100e+03,1.004014580000000019e-11
1.556650000000000091e+03,-3.019932569999999825e-11
1.556660000000000082e+03,5.027244250000000246e-11
1.556670000000000073e+03,2.009463429999999842e-11
1.556680000000000064e+03,6.033410579999999847e-11
1.556690000000000055e+03,1.004014580000000019e-11
1.556700000000000045e+03,-2.013766409999999999e-11
1.556710000000000036e+03,-3.019932569999999825e-11
1.556720000000000027e+03,7.038859080000000275e-11
1.556730000000000018e+03,8.045025059999999997e-11
1.556740000000000009e+03,1.004014580000000019e-11
1.556750000000000000e+03,-1.008317469999999962e-11
1.556759999999999991e+03,-1.008317469999999962e-11
1.556769999999999982e+03,5.027244250000000246e-11
1.556779999999999973e+03,-1.008317469999999962e-11
1.556789999999999964e+03,-2.151459790000000016e-14
1.556799999999999955e+03,5.027244250000000246e-11
1.556809999999999945e+03,4.021078260000000194e-11
1.556819999999999936e+03,-4.025381420000000132e-11
1.556829999999999927e+03,-3.019932569999999825e-11
1.556839999999999918e+03,-3.019932569999999825e-11
1.556849999999999909e+03,1.004014580000000019e-11
1.556859999999999900e+03,1.004014580000000019e-11
1.556869999999999891e+03,6.033410579999999847e-11
1.556880000000000109e+03,1.106280620000000026e-10
1.556890000000000100e+03,-2.151459790000000016e-14
1.556900000000000091e+03,-3.019932569999999825e-11
1.556910000000000082e+03,1.004014580000000019e-11
1.556920000000000073e+03,-2.013766409999999999e-11
1.556930000000000064e+03,6.033410579999999847e-11
1.556940000000000055e+03,-3.019932569999999825e-11
1.556950000000000045e+03,4.021078260000000194e-11
1.556960000000000036e+03,5.027244250000000246e-11
1.556970000000000027e+03,-2.151459790000000016e-14
1.556980000000000018e+03,1.004014580000000019e-11
1.556990000000000009e+03,-1.008317469999999962e-11
1.557000000000000000e+03,7.038859080000000275e-11
1.557009999999999991e+03,2.009463429999999842e-11
1.557019999999999982e+03,-1.008317469999999962e-11
1.557029999999999973e+03,-2.151459790000000016e-14
1.557039999999999964e+03,-1.008317469999999962e-11
1.557049999999999955e+03,-2.013766409999999999e-11
1.557059999999999945e+03,5.027244250000000246e-11
1.557069999999999936e+03,-2.013766409999999999e-11
1.557079999999999927e+03,-1.008317469999999962e-11
1.557089999999999918e+03,1.004014580000000019e-11
1.557099999999999909e+03,-4.025381420000000132e-11
1.557109999999999900e+03,-2.013766409999999999e-11
1.557119999999999891e+03,4.021078260000000194e-11
1.557130000000000109e+03,-3.019932569999999825e-11
1.557140000000000100e+03,9.051191049999999402e-11
1.557150000000000091e+03,5.027244250000000246e-11
1.557160000000000082e+03,2.009463429999999842e-11
1.557170000000000073e+03,4.021078260000000194e-11
1.557180000000000064e+03,6.033410579999999847e-11
1.557190000000000055e+03,-2.151459790000000016e-14
1.557200000000000045e+03,-3.019932569999999825e-11
1.557210000000000036e+03,-5.031547399999999854e-11
1.557220000000000027e+03,-1.008317469999999962e-11
1.557230000000000018e+03,-3.019932569999999825e-11
1.557240000000000009e+03,-2.151459790000000016e-14
1.557250000000000000e+03,-1.008317469999999962e-11
1.557259999999999991e+03,5.027244250000000246e-11
1.557269999999999982e+03,2.009463429999999842e-11
1.557279999999999973e+03,-3.019932569999999825e-11
1.557289999999999964e+03,7.038859080000000275e-11
1.557299999999999955e+03,-2.151459790000000016e-14
1.557309999999999945e+03,-2.013766409999999999e-11
1.557319999999999936e+03,-4.025381420000000132e-11
1.557329999999999927e+03,2.009463429999999842e-11
1.557339999999999918e+03,1.004014580000000019e-11
1.557349999999999909e+03,-2.013766409999999999e-11
1.557359999999999900e+03,-1.008317469999999962e-11
1.557369999999999891e+03,-3.019932569999999825e-11
1.557380000000000109e+03,-4.025381420000000132e-11
1.557390000000000100e+03,-4.025381420000000132e-11
1.557400000000000091e+03,-3.019932569999999825e-11
1.557410000000000082e+03,-5.031547399999999854e-11
1.557420000000000073e+03,-2.151459790000000016e-14
1.557430000000000064e+03,-1.008317469999999962e-11
1.557440000000000055e+03,-2.013766409999999999e-11
1.557450000000000045e+03,3.015629409999999887e-11
1.557460000000000036e+03,7.038859080000000275e-11
1.557470000000000027e+03,-2.151459790000000016e-14
1.557480000000000018e+03,-4.025381420000000132e-11
1.557490000000000009e+03,5.027244250000000246e-11
1.557500000000000000e+03,3.015629409999999887e-11
1.557509999999999991e+03,1.004014580000000019e-11
1.557519999999999982e+03,-2.151459790000000016e-14
1.557529999999999973e+03,9.051191049999999402e-11
1.557539999999999964e+03,-3.019932569999999825e-11
1.557549999999999955e+03,7.038859080000000275e-11
1.557559999999999945e+03,3.015629409999999887e-11
1.557569999999999936e+03,-2.013766409999999999e-11
1.557579999999999927e+03,-1.008317469999999962e-11
1.557589999999999918e+03,6.033410579999999847e-11
1.557599999999999909e+03,-1.008317469999999962e-11
1.557609999999999900e+03,-3.019932569999999825e-11
1.557619999999999891e+03,-1.008317469999999962e-11
1.557630000000000109e+03,7.038859080000000275e-11
1.557640000000000100e+03,2.009463429999999842e-11
1.557650000000000091e+03,-9.055494550000000183e-11
1.557660000000000082e+03,1.004014580000000019e-11
1.557670000000000073e+03,3.015629409999999887e-11
1.557680000000000064e+03,3.015629409999999887e-11
1.557690000000000055e+03,6.033410579999999847e-11
1.557700000000000045e+03,7.038859080000000275e-11
1.557710000000000036e+03,2.009463429999999842e-11
1.557720000000000027e+03,-3.019932569999999825e-11
1.557730000000000018e+03,-4.025381420000000132e-11
1.557740000000000009e+03,9.051191049999999402e-11
1.557750000000000000e+03,-2.151459790000000016e-14
1.557759999999999991e+03,-1.008317469999999962e-11
1.557769999999999982e+03,-1.008317469999999962e-11
1.557779999999999973e+03,-1.008317469999999962e-11
1.557789999999999964e+03,-2.013766409999999999e-11
1.557799999999999955e+03,-4.025381420000000132e-11
1.557809999999999945e+03,-2.151459790000000016e-14
1.557819999999999936e+03,-1.008317469999999962e-11
1.557829999999999927e+03,-1.710195460000000040e-10
1.557839999999999918e+03,-5.031547399999999854e-11
1.557849999999999909e+03,1.004014580000000019e-11
1.557859999999999900e+03,5.027244250000000246e-11
1.557869999999999891e+03,2.009463429999999842e-11
1.557880000000000109e+03,-3.019932569999999825e-11
1.557890000000000100e+03,1.004014580000000019e-11
1.557900000000000091e+03,5.027244250000000246e-11
1.557910000000000082e+03,-3.019932569999999825e-11
1.557920000000000073e+03,2.009463429999999842e-11
1.557930000000000064e+03,-3.019932569999999825e-11
1.557940000000000055e+03,1.004014580000000019e-11
1.557950000000000045e+03,-2.151459790000000016e-14
1.557960000000000036e+03,4.021078260000000194e-11
1.557970000000000027e+03,-1.008317469999999962e-11
1.557980000000000018e+03,-4.025381420000000132e-11
1.557990000000000009e+03,2.009463429999999842e-11
1.558000000000000000e+03,-4.025381420000000132e-11
1.558009999999999991e+03,-1.008317469999999962e-11
1.558019999999999982e+03,-6.037713379999999577e-11
1.558029999999999973e+03,2.009463429999999842e-11
1.558039999999999964e+03,-2.013766409999999999e-11
1.558049999999999955e+03,1.004014580000000019e-11
1.558059999999999945e+03,-4.025381420000000132e-11
1.558069999999999936e+03,-2.151459790000000016e-14
1.558079999999999927e+03,-2.151459790000000016e-14
1.558089999999999918e+03,-3.019932569999999825e-11
1.558099999999999909e+03,-1.008317469999999962e-11
1.558109999999999900e+03,-2.013766409999999999e-11
1.558119999999999891e+03,-2.151459790000000016e-14
1.558130000000000109e+03,-1.008317469999999962e-11
1.558140000000000100e+03,-3.019932569999999825e-11
1.558150000000000091e+03,-2.151459790000000016e-14
1.558160000000000082e+03,-1.008317469999999962e-11
1.558170000000000073e+03,-3.019932569999999825e-11
1.558180000000000064e+03,-2.151459790000000016e-14
1.558190000000000055e+03,-2.151459790000000016e-14
1.558200000000000045e+03,4.021078260000000194e-11
1.558210000000000036e+03,2.009463429999999842e-11
1.558220000000000027e+03,2.009463429999999842e-11
1.558230000000000018e+03,-2.151459790000000016e-14
1.558240000000000009e+03,2.009463429999999842e-11
1.558250000000000000e+03,-2.151459790000000016e-14
1.558259999999999991e+03,7.038859080000000275e-11
1.558269999999999982e+03,1.004014580000000019e-11
1.558279999999999973e+03,-2.013766409999999999e-11
1.558289999999999964e+03,-2.013766409999999999e-11
1.558299999999999955e+03,-1.008317469999999962e-11
1.558309999999999945e+03,-3.019932569999999825e-11
1.558319999999999936e+03,-3.019932569999999825e-11
1.558329999999999927e+03,6.033410579999999847e-11
1.558339999999999918e+03,-6.037713379999999577e-11
1.558349999999999909e+03,-4.025381420000000132e-11
1.558359999999999900e+03,5.027244250000000246e-11
1.558369999999999891e+03,-1.008317469999999962e-11
1.558380000000000109e+03,-4.025381420000000132e-11
1.558390000000000100e+03,6.033410579999999847e-11
1.558400000000000091e+03,-3.019932569999999825e-11
1.558410000000000082e+03,5.027244250000000246e-11
1.558420000000000073e+03,-2.013766409999999999e-11
1.558430000000000064e+03,9.051191049999999402e-11
1.558440000000000055e+03,3.015629409999999887e-11
1.558450000000000045e+03,-4.025381420000000132e-11
1.558460000000000036e+03,-2.151459790000000016e-14
1.558470000000000027e+03,2.009463429999999842e-11
1.558480000000000018e+03,-2.151459790000000016e-14
1.558490000000000009e+03,4.021078260000000194e-11
1.558500000000000000e+03,-1.008317469999999962e-11
1.558509999999999991e+03,-2.013766409999999999e-11
1.558519999999999982e+03,-3.019932569999999825e-11
1.558529999999999973e+03,-6.037713379999999577e-11
1.558539999999999964e+03,-1.008317469999999962e-11
1.558549999999999955e+03,-2.151459790000000016e-14
1.558559999999999945e+03,-3.019932569999999825e-11
1.558569999999999936e+03,-3.019932569999999825e-11
1.558579999999999927e+03,1.004014580000000019e-11
1.558589999999999918e+03,1.004014580000000019e-11
1.558599999999999909e+03,-3.019932569999999825e-11
1.558609999999999900e+03,-4.025381420000000132e-11
1.558619999999999891e+03,-1.008317469999999962e-11
1.558630000000000109e+03,-1.008317469999999962e-11
1.558640000000000100e+03,-2.013766409999999999e-11
1.558650000000000091e+03,-1.008317469999999962e-11
1.558660000000000082e+03,-2.151459790000000016e-14
1.558670000000000073e+03,7.038859080000000275e-11
1.558680000000000064e+03,-2.013766409999999999e-11
1.558690000000000055e+03,2.009463429999999842e-11
1.558700000000000045e+03,1.004014580000000019e-11
1.558710000000000036e+03,-2.151459790000000016e-14
1.558720000000000027e+03,1.004014580000000019e-11
1.558730000000000018e+03,1.004014580000000019e-11
1.558740000000000009e+03,8.045025059999999997e-11
1.558750000000000000e+03,-1.008317469999999962e-11
1.558759999999999991e+03,-6.037713379999999577e-11
1.558769999999999982e+03,6.033410579999999847e-11
1.558779999999999973e+03,2.009463429999999842e-11
1.558789999999999964e+03,5.027244250000000246e-11
1.558799999999999955e+03,-2.151459790000000016e-14
1.558809999999999945e+03,5.027244250000000246e-11
1.558819999999999936e+03,-3.019932569999999825e-11
1.558829999999999927e+03,2.009463429999999842e-11
1.558839999999999918e+03,-1.008317469999999962e-11
1.558849999999999909e+03,2.009463429999999842e-11
1.558859999999999900e+03,7.038859080000000275e-11
1.558869999999999891e+03,7.038859080000000275e-11
1.558880000000000109e+03,-1.008317469999999962e-11
1.558890000000000100e+03,1.004014580000000019e-11
1.558900000000000091e+03,6.033410579999999847e-11
1.558910000000000082e+03,-2.013766409999999999e-11
1.558920000000000073e+03,-2.151459790000000016e-14
1.558930000000000064e+03,7.038859080000000275e-11
1.558940000000000055e+03,-3.019932569999999825e-11
1.558950000000000045e+03,-2.013766409999999999e-11
1.558960000000000036e+03,-2.151459790000000016e-14
1.558970000000000027e+03,-2.013766409999999999e-11
1.558980000000000018e+03,1.004014580000000019e-11
1.558990000000000009e+03,2.009463429999999842e-11
1.559000000000000000e+03,9.051191049999999402e-11
1.559009999999999991e+03,-1.008317469999999962e-11
1.559019999999999982e+03,-1.008317469999999962e-11
1.559029999999999973e+03,-2.013766409999999999e-11
1.559039999999999964e+03,8.045025059999999997e-11
1.559049999999999955e+03,7.038859080000000275e-11
1.559059999999999945e+03,-2.013766409999999999e-11
1.559069999999999936e+03,8.045025059999999997e-11
1.559079999999999927e+03,-3.019932569999999825e-11
1.559089999999999918e+03,-1.008317469999999962e-11
1.559099999999999909e+03,8.045025059999999997e-11
1.559109999999999900e+03,-3.019932569999999825e-11
1.559119999999999891e+03,-7.043162579999999763e-11
1.559130000000000109e+03,-5.031547399999999854e-11
1.559140000000000100e+03,-1.008317469999999962e-11
1.559150000000000091e+03,-1.008317469999999962e-11
1.559160000000000082e+03,-2.151459790000000016e-14
1.559170000000000073e+03,-2.013766409999999999e-11
1.559180000000000064e+03,1.004014580000000019e-11
1.559190000000000055e+03,-2.013766409999999999e-11
1.559200000000000045e+03,-2.151459790000000016e-14
1.559210000000000036e+03,2.009463429999999842e-11
1.559220000000000027e+03,3.015629409999999887e-11
1.559230000000000018e+03,-3.019932569999999825e-11
1.559240000000000009e+03,8.045025059999999997e-11
1.559250000000000000e+03,-2.151459790000000016e-14
1.559259999999999991e+03,1.004014580000000019e-11
1.559269999999999982e+03,1.004014580000000019e-11
1.559279999999999973e+03,4.021078260000000194e-11
1.559289999999999964e+03,-1.008317469999999962e-11
1.559299999999999955e+03,-2.013766409999999999e-11
1.559309999999999945e+03,1.005664019999999988e-10
1.559319999999999936e+03,4.021078260000000194e-11
1.559329999999999927e+03,5.027244250000000246e-11
1.559339999999999918e+03,1.004014580000000019e-11
1.559349999999999909e+03,-2.151459790000000016e-14
1.559359999999999900e+03,-2.151459790000000016e-14
1.559369999999999891e+03,-2.013766409999999999e-11
1.559380000000000109e+03,-4.025381420000000132e-11
1.559390000000000100e+03,-1.008317469999999962e-11
1.559400000000000091e+03,1.004014580000000019e-11
1.559410000000000082e+03,-3.019932569999999825e-11
1.559420000000000073e+03,-1.008317469999999962e-11
1.559430000000000064e+03,7.038859080000000275e-11
1.559440000000000055e+03,2.009463429999999842e-11
1.559450000000000045e+03,-1.008317469999999962e-11
1.559460000000000036e+03,7.038859080000000275e-11
1.559470000000000027e+03,1.004014580000000019e-11
1.559480000000000018e+03,-2.151459790000000016e-14
1.559490000000000009e+03,7.038859080000000275e-11
1.559500000000000000e+03,-2.151459790000000016e-14
1.559509999999999991e+03,6.033410579999999847e-11
1.559519999999999982e+03,-3.019932569999999825e-11
1.559529999999999973e+03,-2.013766409999999999e-11
1.559539999999999964e+03,-2.013766409999999999e-11
1.559549999999999955e+03,4.021078260000000194e-11
1.559559999999999945e+03,-1.008317469999999962e-11
1.559569999999999936e+03,4.021078260000000194e-11
1.559579999999999927e+03,6.033410579999999847e-11
1.559589999999999918e+03,-3.019932569999999825e-11
1.559599999999999909e+03,1.004014580000000019e-11
1.559609999999999900e+03,2.009463429999999842e-11
1.559619999999999891e+03,4.021078260000000194e-11
1.559630000000000109e+03,-2.013766409999999999e-11
1.559640000000000100e+03,6.033410579999999847e-11
1.559650000000000091e+03,-1.008317469999999962e-11
1.559660000000000082e+03,-2.151459790000000016e-14
1.559670000000000073e+03,-3.019932569999999825e-11
1.559680000000000064e+03,-6.037713379999999577e-11
1.559690000000000055e+03,-2.013766409999999999e-11
1.559700000000000045e+03,-2.151459790000000016e-14
1.559710000000000036e+03,1.004014580000000019e-11
1.559720000000000027e+03,-1.008317469999999962e-11
1.559730000000000018e+03,-1.008317469999999962e-11
1.559740000000000009e+03,-1.008317469999999962e-11
1.559750000000000000e+03,-5.031547399999999854e-11
1.559759999999999991e+03,-3.019932569999999825e-11
1.559769999999999982e+03,-2.013766409999999999e-11
1.559779999999999973e+03,1.004014580000000019e-11
1.559789999999999964e+03,1.005664019999999988e-10
1.559799999999999955e+03,1.004014580000000019e-11
1.559809999999999945e+03,-2.151459790000000016e-14
1.559819999999999936e+03,-3.019932569999999825e-11
1.559829999999999927e+03,-3.019932569999999825e-11
1.559839999999999918e+03,1.004014580000000019e-11
1.559849999999999909e+03,-2.013766409999999999e-11
1.559859999999999900e+03,-1.008317469999999962e-11
1.559869999999999891e+03,-1.008317469999999962e-11
1.559880000000000109e+03,-2.013766409999999999e-11
1.559890000000000100e+03,-1.008317469999999962e-11
1.559900000000000091e+03,5.027244250000000246e-11
1.559910000000000082e+03,-1.008317469999999962e-11
1.559920000000000073e+03,-5.031547399999999854e-11
1.559930000000000064e+03,4.021078260000000194e-11
1.559940000000000055e+03,-2.151459790000000016e-14
1.559950000000000045e+03,5.027244250000000246e-11
1.559960000000000036e+03,-1.008317469999999962e-11
1.559970000000000027e+03,-1.008317469999999962e-11
1.559980000000000018e+03,8.045025059999999997e-11
1.559990000000000009e+03,7.038859080000000275e-11
1.560000000000000000e+03,8.045025059999999997e-11
